Course,Count
MATH 201,513
MATH 202,513
MATH 221,386
BUAD 306,303
ACCT 208,293
FINC 311,290
ACCT 207,289
BUAD 301,285
BUAD 309,284
MISY 160,274
COMM 212,250
ECON 151,237
BUAD 110,236
ECON 152,234
ENGL 110,231
BUAD 441,224
MATH 230,216
PSYC 100,185
SOCI 201,181
BUAD 302,161
BUAD 477,158
ACCT 352,157
BUAD 479,156
ECON 302,155
MISY 261,153
FINC 313,141
ACCT 415,140
BUAD 471,140
ACCT 413,139
ACCT 315,139
ACCT 316,138
ACCT 417,138
ACCT 302,137
ACCT 425,136
ACCT 327,135
ACCT 351,135
ACCT 350,134
BUAD 475,119
BUAD 473,116
BHAN 120,115
UNIV 101,105
UNIV 370,103
NTDT 200,101
